14344.848096445898,-33723.8279545284,-18616.35721348259,-10071.929397457097,41950.75848145051,23209.042903097517,9132.963467657273,66244.1032339708,24158.847777331997,-18492.275452347432
-36534.70713334383,5013.516212284955,30485.841203911554,-60326.82588625731,33213.75992923163,17116.78739227547,17370.844851325615,10781.370732517753,-107634.22509445976,-5345.462321600107
-5098.421907263609,23281.59849610502,-518.7149833893313,25993.954441604426,42063.94528456853,38364.053368836445,-8854.697101756952,-28650.275491266384,-45186.847277932895,-547.9811670875088
10625.319444669527,53498.94946562337,-23340.77850297136,-56975.999380793546,23180.723668434126,19961.923062618785,8052.66595740483,-36348.072980265424,7520.164616148371,-78392.46320682677
-73794.15225383648,49324.070348987545,-23655.03485707892,-76071.48496185087,71752.68492945193,-16751.70982203563,-27438.031295045268,-87916.75878119204,28754.309046888506,-9168.098216294318
-9386.192734506705,49280.658050147416,15928.083798747772,-69916.66053410666,81273.02842840165,-12784.998702823645,-3913.6770457648486,-30141.130131045775,-31835.72353524194,-42059.98609703976
-68446.55052452555,23916.30303727767,-22820.14211349919,-40223.745428598246,55384.77146398802,90468.48700941625,-21387.146929218485,22600.42388204325,43776.15390103277,-74501.31140860252
-70559.75286985643,45607.743269476974,54300.78316871856,4420.447753421114,10977.398071740661,20371.292240085335,5438.662668810104,-42017.427049856684,-81961.77641232207,-4327.2334959214995
-70676.87014293141,36918.37170895843,34077.98130188904,-47401.22379318411,77109.46131194568,32538.334146464014,39242.22728458886,-44311.816051591886,67820.992419462,-18389.74141901906
-4864.872223617564,29030.828104634056,-4945.5939588662095,-15978.861186727798,21315.30727557522,-60056.662369698366,48772.64206278124,26085.11987505364,-48013.19207475436,-59878.00401283678
-3847.03437411675,16156.40617976039,33221.056683902505,-18140.378319323252,13067.618857034198,26820.432583814476,1626.6389273181958,2967.2365396191653,-29767.71255042507,-65906.40140037982
-55084.45281560015,30730.20077555591,11440.699683490457,-20005.349626658273,-24946.912930568826,66983.88542095537,-13422.850130463474,-40188.020980138506,-22646.288277195286,-5461.64234690394
-21061.27808696576,46013.00621578091,-17710.312827130052,-17584.916621654374,13510.622033429747,54376.531859778996,43122.98254580797,36082.54180916712,-17450.31468415731,-2618.0002241799143
-88694.20742510934,23727.050106111088,-29686.422685478316,-64266.801374140145,12404.032045095439,-39263.1067921495,33214.903212071804,32710.19590070099,31328.209890396454,800.8487076295805
-10946.980089121007,75647.42110093197,-56756.506969173715,-54232.985014953236,-15741.549328810446,23503.704000788246,-29874.240365911504,-27357.033617317255,87.49850016112941,2409.3421890819372
-33302.09027818524,-10103.432015604798,6018.578189991431,-65153.78602861092,27555.91855393441,68337.31470029317,-18055.21134940154,-72086.75520212199,-31299.498648399396,3959.248074421322
32022.854107920044,337.65814634779053,-2949.051620790038,-82983.88227332769,27684.706449171885,11875.124276047138,43838.967476009726,-99591.28636682271,-50830.07301797019,-65714.47048366035
26840.616033700724,61065.72153426141,-50208.31837442437,-63944.62161632823,66530.89523451004,70647.26335672662,-35672.904058908935,17829.244938357995,27841.444543303296,-17977.243503713984
-3965.0365434248597,51649.40120332699,-53260.43714055528,-19335.706596996475,-52506.84310974388,239.3614257932786,276.506955859114,-36258.794159416124,-33028.58912814372,-61120.50283233079
-20547.117301750473,56440.09875733791,10229.167257664689,-45578.64503313402,820.8232953976781,34710.84696744839,-39209.9668326696,22653.788225009757,-43757.40696183734,-11201.152800709864
-36313.007127117635,-3554.4556831796244,29205.770834270523,-35439.46355940937,30516.490724485113,43704.37652869858,-4820.250380447715,-1925.8522082501074,-11579.704229999443,1277.4453382191496
-98156.35074184267,11752.036703791779,-45210.50758591019,-36715.416472644254,55048.34005918562,-16701.52975155496,3574.0457044461764,12727.633854746364,-55795.46314517126,8914.355147023116
69601.24578241119,-14012.041545159193,-48379.97874369463,-13575.564717359022,78204.37067538593,27591.16192751989,-17049.39098244618,-38345.429894296,-23656.293255618144,7144.078613248423
-29476.922358887896,-9830.385403776678,19207.349075553117,-3558.431298624584,21995.89034094894,16960.938457705284,-5146.7346728632265,-11776.398208511786,27378.964638021258,-35351.77586622722
-4795.398694099707,-64937.333264018045,40859.625809927325,1153.9704996920866,4850.758043732334,10121.123811719786,-4594.317937067709,41503.36181945696,-63497.42608285295,-2152.459147726326
-19670.978381899185,-10586.417948282611,-10421.165794549986,-34125.00598814105,21681.88224890722,80386.35450374901,-35942.261296001816,-11247.533849427069,-75156.35933282509,-41477.174808705175
-5388.459343303697,32065.295857231897,9107.957589287951,18637.515695688206,9735.098789729429,53961.53528579572,76731.43909873707,45994.394811342536,-35497.25502898979,-40543.50325041022
-34676.22664722777,-30388.959925933086,-13571.325103098116,23807.712447935417,65993.07259014956,89625.17774373377,28580.92148274869,-26561.16199326731,8258.786386752885,13605.510735604274
-1073.273888463551,53771.33531094244,-3725.2251924950087,-49285.048424303255,33631.67001019621,-25416.072950270976,14761.426081361293,-10626.762539401348,11635.981723076344,-15656.588787222729
34029.00582066877,25611.808280187302,-13168.592389131982,6736.981425077056,63654.92342469565,-28879.752073318967,3996.320137615052,37109.73418185823,-29229.024180401237,-32561.90909720233
-8125.927664599591,945.6768685535553,-10951.475390186368,-53416.33728524216,8865.944217782742,10245.143409797573,-48616.93963105866,45911.482050377395,-53654.989391620664,-68950.20620189997
43943.00411006205,-14319.914612416676,-4586.200901837636,-45661.931107872784,20186.033108698743,27498.09445966326,3690.9841166316583,-37837.018572062145,-62961.782128305305,-60790.54113257532
-81847.31917741057,78355.01607921305,-5816.827503554361,-21872.78564290156,66851.04677812714,65661.95708173946,34305.64294118831,-3333.797318721834,9648.370197979599,-91750.1984587614
10728.935201040142,-19735.569081158057,3671.2027969681676,-121721.05645745456,44484.75501674906,51934.48534755341,32753.587914318512,-6559.469745568093,-27970.06374449138,-24454.844408425924
-11798.179001074865,52850.08317891534,-53729.339320469895,-11807.518894089902,4093.876833895122,47996.11734014965,-20250.315892709208,38006.6467890958,-854.958707395022,-74899.59617503897
-49404.23356443631,23308.75484065685,-2434.0199809831824,13917.608464152936,76015.36581483144,28763.84426660711,-17468.31105260179,25427.07940861937,-74527.30307355864,-65900.126185147
-10595.615045188288,-48180.03402547508,-41229.32468954555,-37733.391423853085,9852.285126386456,2969.1655463984116,45697.791063142264,16421.06099188381,-41166.15346204654,-53043.00182618604
-77584.26875008926,18665.83394200321,24047.3487084028,-27178.66185912201,52017.286385482075,40018.76779745179,2486.5064493140962,-30913.7589913777,18576.016518799217,25155.80140450565
-68927.78141038009,23022.990799839958,9691.565277503967,-76773.04605990846,-5361.9878424044355,-14884.729608063411,-1528.9246886116707,14584.394900208677,-4565.074958295878,-17625.638483095005
-60570.70940831704,32849.51976396483,-14426.296567948677,21792.88442981702,10635.00000403457,-14014.405821470351,-217.94540809016036,45663.48610743605,-47610.455883152346,-26272.92682433423
-24891.90500178759,1979.223631080311,-22472.454583140243,-13220.335025175107,-24952.385015509768,3911.82957873548,51301.93187493735,-26060.04878816106,-26703.368674181453,-60799.549478496636
-17877.734278358956,42319.060639942145,11948.15246628113,-70208.35122002066,-5806.778848142114,-32036.850016369972,1673.2491540049596,-28504.332412660508,41291.796948746654,-46256.45256666827
-19002.64884495354,-29738.677185075874,28274.174778275457,-49606.23501904792,30890.87416972999,1867.9215204388818,23101.98494986509,40958.073820217054,-25514.508538983624,-58911.546936908904
-20487.739708104546,29892.352025936245,-10589.518920611594,16016.050376414361,80009.59820961257,-2833.200548617642,27352.78659047176,21008.0015453058,18645.41779218134,-39044.370708134404
-1302.9602620701999,-12259.15258928392,-47048.05254264428,30282.01951110702,63113.9694715885,9895.148999067194,-55192.25924836569,7620.391827218531,-20633.24227478643,12773.377231487439
-35212.42126459159,76067.21589364795,39102.290343511246,6125.361359413903,-12971.470240733204,-34477.438321483474,61129.10379936852,-18229.26234993703,-70083.25080489634,-29258.866551904335
-18899.917427086588,15926.612714546254,21597.51555515763,-62918.1402467692,-51244.366189890985,-4849.735775573663,-10133.695320289593,25529.081267208425,-60423.86781383975,-3149.3214443552206
-2019.5732002811606,65928.46709310106,-28454.858774902976,-49799.646016087325,15051.006805970359,85825.6942376729,-21028.7853266831,-57990.54640647231,-48360.7139999776,-46520.93400541245
-20021.861073558823,-12384.093318602172,-19933.539366046603,-13231.991787564795,-22471.482386787775,-42088.70598730553,8652.068428514232,-22033.281962631998,-36573.87753138335,-83942.88060508786
-22022.955333040554,26886.467230099337,-410.4470128269222,-72376.3162719708,50056.42268011569,6199.005669840218,-32946.938629413155,-34694.31491588454,7028.000598423454,-20220.65175973386
16445.725407936763,12634.720540894396,5787.461547904055,-46847.2563862806,17761.5186877669,-14506.21721579622,-36649.920578137,-8898.42151243289,-33706.50368093486,-21381.274553623018
8597.21385422277,30578.678282363657,20124.93781235847,6520.96660589723,12769.135547341592,46574.409314764554,17689.135790011867,-15038.397166944214,6180.7055734588075,-19892.952710845973
-11714.818750173366,31572.309333725276,-32273.819228934,2866.20049156367,20450.45695487039,46194.46885526813,26094.71797036796,50778.8054172559,-69852.01652673764,3616.3002389156472
23777.69026891333,-4292.811552119314,-41336.22293090053,-15766.966838675247,88856.71913193032,-24347.091617235237,20442.774491374374,4661.374119618596,-66835.95673961415,-64761.65451238764
-10096.85179231341,808.0946429062506,-54962.111020027674,-31433.59241644881,98897.06224490821,-24994.215117593332,-27725.04907269241,20224.003788722028,-8720.533589681223,-62701.23421068909
-2370.1054680474444,27006.15700403037,-7291.4633362694885,-28878.56793182774,53293.038765087455,-8140.394382918495,15248.346126041924,-16290.694751444224,-17654.750497902776,-68094.90136694255
-67279.34835506562,36833.57314443109,12198.86503476414,25030.372758495578,-1241.6476404298437,19904.15164367717,-62391.781132405406,68623.76049540499,-13227.449908165025,-8997.781316267412
-14415.28798546692,7098.10777513279,-66651.53481319356,-15908.7317564303,21324.85930726475,11857.956088597955,51130.09730595013,13742.40279592293,-39295.36360279812,-20675.03299491755
-23824.877330908657,37921.33052081907,-30944.469047857958,-29207.43423768309,15338.579983011481,-833.7401730367101,8469.265090588704,30137.93185306599,-110750.59298502504,-75398.53033872618
10743.403739460851,62382.90510313683,-3550.3089056043373,-22762.859143029495,-12414.941147499914,80217.60886717799,2437.0447469481123,15801.328190768549,-15813.1021558111,-7071.684639654504
2199.044946592753,63339.032866722075,-1169.0174418709703,-34394.19919032473,-57640.576290902885,37926.45427388615,42962.0134676317,65201.4066356254,-43058.661902755775,-93582.12209381937
1901.803493011481,24880.319988979143,-15686.814057011343,-29060.39027539717,58293.02693081849,1836.0154768628418,-68289.09635194359,27441.968284207756,-22651.375014555564,-39089.562746359574
-53779.49148140096,29485.940129444658,6420.102680110427,-30645.183680777034,19979.485817391553,-3591.598962720758,5512.6485319396725,-5906.105462655061,31817.102441017378,9848.29178571445
5027.135481583859,55826.593306261595,-540.3671177575343,-1096.8718929434249,18300.664044982906,14264.116208900898,-4001.5791199953064,16980.93985125304,74163.70840579619,-54152.48697697146
28641.979293261837,21930.110680659607,32854.05646311875,-24077.816456598655,-14049.786506860506,5716.411072167141,6853.0483884219875,59870.268283551006,23117.726089147982,-38892.69761929272
5665.544957444479,17949.839877109902,19145.880480573484,-57200.25212773106,28244.927505159998,-22534.03348633432,-32356.291393652402,17864.066776899148,-26609.731423500594,-39138.358292004144
-51215.01391817204,63621.91308925428,22563.707534330184,-12607.71825413184,-4420.4587682270285,46241.575578912525,-42801.18614506972,-32335.240304816194,-5545.151155718507,-34304.31134592298
60404.7313609559,23053.633969039714,9279.965463851295,-35917.55344033567,20963.36562347017,27170.8601752069,2264.0298485442327,-2473.9267593036066,21675.05158973857,-65968.82832280645
-11411.355808193704,32429.180722322886,-17275.675881633186,-81600.99374699907,80003.22133941822,107277.94807442685,31295.93726977009,-17698.837175389,14807.414281049769,19322.176433972985
-3846.632292387523,69635.21311970406,2587.0230418894735,-34238.06003099905,25695.487419026827,-21687.737483037447,-41984.94551277488,13714.522527439163,-63667.80618170719,-77567.81401406771
5799.774920139562,-7552.3347015401705,-17529.70992203066,-42979.17069928094,53827.20856097623,17191.598767794392,9004.194366006743,-28679.10558913301,-29102.28022194834,-11777.885750626687
14871.005759403894,6978.005106971693,8279.79884199434,15741.746491384203,78709.50207147372,-79721.21244333948,22705.88708926786,-22346.936150513164,-72751.6688570116,-381.5957927918498
22308.324472133645,41631.20249127063,-32972.78273195038,-6042.949240802745,-8363.844268786666,-21228.270339227758,-5110.356160359989,76046.80010800733,-26464.825332726847,26642.9647285096
-51443.44649807958,95070.18112479146,18120.280196976397,-25540.56671246533,54308.36116598979,23404.629836715794,-6311.534847922458,-6731.878017644831,2583.2250560315842,-14543.296107261318
18588.63574805591,40210.77692031129,38147.15248411312,-26578.867292016286,3291.000797075618,5310.181965875383,59390.03710503696,-30581.967563021244,-39831.57524294844,42681.672044995255
-44096.84938860651,9420.92063290632,-16425.53511002066,-51982.77466593337,26358.851160248807,6994.015822180159,4137.5507960568475,-15165.652472615095,-21413.26095671283,-2306.7505968551873
8869.075216399178,38113.300635777174,-113335.62184417815,-41661.90069283264,69033.05352975466,-22398.034510471756,-66465.58181642173,19993.680283969363,-84230.15358573246,-50328.816126171856
-65662.76157425907,-23494.84521089298,16349.266994519116,-71461.05415278714,37864.27706655151,-26009.812444191302,-51854.94027570737,-2745.249746018024,4669.657757197876,7246.163803165924
22424.442105786373,46521.15916264789,11742.491955487667,16691.488831577026,35251.56811527239,11223.609267765329,-1269.9317947206264,25056.563346082396,-24143.151762285102,-48852.83347582459
-35621.659958424054,59687.45720237802,-17160.447220331007,2893.467143632712,-24015.55795372364,33120.50856732471,-50898.55369585058,-11162.57559918435,5828.502334591994,6960.536337480009
-64576.18928498624,5548.383879359353,-7525.382638752765,-11477.349086014026,58982.9711384372,9300.086342653467,40194.77370058917,92833.29927868702,-3778.895631881358,-2819.570434217254
-49076.229869361865,-39286.93617059094,6986.3667515140205,-36963.26920961914,8119.351272088885,37245.97965976792,-30136.255682099858,25873.43775906077,-6439.777948318384,17895.264603982072
13268.360694558107,51571.153900845115,-7733.014319403061,-85109.51699243595,44998.800006408506,-27991.192161543822,-26996.35009645566,-87376.38833021972,-15683.028320325871,-27576.38764517931
23972.823123885115,6942.726119827515,-1588.481873263414,-16598.523997078162,52806.45395461392,23998.960412027074,-7809.44448108404,-3729.8018889918912,-55876.98630902209,32189.254077662074
6775.323795840116,53269.55188611163,-35884.54969850845,-55236.38760760033,-32888.03558574973,-5361.026056246068,57290.752918298385,-11261.39988270582,-34204.24495601398,-38371.68853014871
-70068.57089810743,7871.504854547216,10703.59269547787,23801.217717913107,69853.0489489349,18572.761971945165,-1439.927479187174,28669.131286990032,-26637.875993397345,19195.290895010658
38107.24525037499,-1562.4089882279077,22035.564144022697,-15224.378051301035,13314.275280062639,16698.563953270703,68615.853730518,21040.391440099156,-25177.803631029696,2851.929232225648
-29128.1175522796,26391.471349546235,-39473.44813946163,-53310.689731241975,87936.52508379643,-18625.64885916529,-35391.272855304655,25825.42132044601,-14233.835312774765,-5973.1881986059925
34344.37716074359,33487.4979368845,-79726.85654919677,7679.833072144448,-9302.401730340396,26070.47088092651,29354.321372681297,5677.045335744204,-23150.876075583168,-31663.50582397833
9103.297731492174,70821.20371130425,34985.220230877065,-30545.189670401855,-6051.0350509854725,-4598.228462011157,-15544.301630331738,-14988.937337971143,-53615.3717811195,-53538.218424422535
-22418.190699244522,-20527.012528180538,-11744.00918776039,-27766.825379919443,-22346.71805243234,16342.798994928058,-22463.766205145395,40181.51411473735,-45702.89740647888,-23553.22914021233
-52990.02337932572,77807.74189499354,-12853.62721668756,-33859.28956590706,82700.21816148882,7792.759343459191,8922.783493465611,43882.39448620822,-43470.64968154138,-14509.378452998786
-34893.950390235455,65125.792790835214,-4753.481972301125,-48194.49876796689,17244.869469756042,1448.7212322407881,-4302.9467105717995,31552.061358994164,29759.789548431272,7795.1992584647305
-47992.780960117816,42932.55037134747,13993.50118065872,7377.156097962872,61308.639678859254,32497.150434749343,-72135.40983619075,-83188.83774202064,-107676.09406942765,-68151.40161793125
-65817.59974540403,47970.26033188142,-7882.525930025113,-11461.381323742167,56934.65958630538,-23173.69345262331,-5962.5994611428705,-19998.795937337753,-22420.43450833083,21187.04176372142
9466.940425591582,23561.20803877147,-38649.69736819215,-69498.90000150085,96340.76610926558,-32819.43884362105,-58617.673918669854,27837.302701096804,-3417.8631099928307,-79234.0019408868
1024.6520583837103,71734.5929370612,37846.459303803706,-66180.56651010389,24635.27076017154,34217.45688349535,-4179.082320792388,-20432.7132935036,-23756.990121869163,-80384.77045734526
30348.567267955455,32852.832167938686,13302.266841613391,24019.460822157544,58631.58799852901,37817.13546696682,54868.0519887329,-30607.304271724075,-10983.741136693194,-22382.049398570714
16970.88861952716,7910.584162323094,-19008.227025004697,-25417.5337351614,16095.722573408037,-1263.7924163812636,-41371.76851007527,-7549.9679822223625,-77512.34327367831,-2443.052039695651
21409.867867699766,95574.45719288405,-38769.10645411999,-20128.90730555411,78592.94710309239,-6292.613707546407,-19429.0554413352,-2739.588555561398,26747.936628488616,-18514.503856037856
4910.906270322679,-10247.515931159542,-44620.32890008204,-14228.296846111483,32977.84777437089,-1761.534537943904,-45064.944977180545,-69822.04913086465,-19144.09154712482,11795.546180613526
25675.175141372325,26498.647766664802,-57411.48781964554,-110503.80747793567,-6117.562958938112,156.10603947862592,-23580.303296096266,32783.01900010376,8755.145308091314,-92228.67463186225
29224.39976078887,30625.88421853327,-62600.9449342512,-14961.60303089845,57549.983578179104,24748.671591933056,58207.824584225804,4108.8340969804485,-39973.86066345346,-64027.53033152798
62252.844476037986,-6797.521397099531,1027.6882094181965,-51216.66454574119,105081.6521884689,-37867.12720924876,-5831.8510907990585,-6643.316871877642,-8190.78021206357,-73342.9852012714
-5452.2396673017265,57942.29825308984,-33703.7308493034,-16158.488115943721,23073.130501009065,-5373.906488041775,8047.570210789101,9140.780333159104,74759.8188196211,-5213.028138165582
39942.247429359544,46863.698908053535,34503.088259005875,-42522.09435549113,-4822.513343598496,13039.11577745909,-13673.979444538229,17499.300232863963,24207.663658309524,-57355.70404798041
-13681.832719293523,51112.52957587218,-27462.05911454838,-55636.27855005505,42153.98088347001,4874.497236523471,-9196.14600122727,-938.9021679583499,-72360.370066802,-35067.591922882115
-12468.658183670992,1062.1243147008022,20379.949325811944,-59562.91533807374,32601.40457052966,-4576.402821879758,16149.498219289726,11637.575539450616,16033.075072299345,-13147.438863417136
46828.16290785462,3179.868903985814,-82376.14633583766,-50947.87102902924,92157.0915930122,-12111.322234617804,30667.199349741568,-15693.988442188873,3577.2598729370457,-83273.56261423892
-25554.92335834756,22536.053723624365,1623.8102016526445,59984.941465436146,-29328.107548308602,-6371.429441166304,-19559.598004646094,37738.72718097747,-886.8500277814364,-31269.781145219447
-26601.62400015553,-37736.8494601748,-22883.908623924683,-57379.16798691675,11118.751208124762,30268.340627144356,-32961.998018576065,33860.99598427367,16855.36252400025,13810.268048865899
-10348.488198811663,37643.802574151705,35535.30481052251,-22947.33738185257,38557.347539208655,52304.428772542895,-49676.67053725155,10404.65883458089,-63765.52675505451,-55434.565274363486
22163.258967082133,42536.81723041019,29742.747847252416,-20020.04054295499,3590.544274982143,51516.91899340936,-47785.4490569567,30790.512598634185,-54877.019543905735,-83106.7256014362
-9696.448960340525,84634.9086892137,4102.252256760943,-22827.94538074042,-28764.9762659643,73311.1524134487,43793.722616610474,-5278.768533959874,-1817.3990388947686,-61241.18897592231
27289.25857319805,12354.723281422284,-50759.25067197555,13164.166473090156,-11942.939913353463,-60090.02888208617,-12151.99944042941,-27133.426584208104,-56043.57029426779,-13702.73352525616
10811.860250686284,46080.8919793507,12984.74362852825,22935.024419398957,53767.98412295737,-37487.50276113219,-26886.019050952393,43353.168814926794,18932.393300174328,71684.51040312619
28336.939614686093,39778.62859266588,24932.567685686354,31309.763159405054,65801.04976101856,-8977.208631263838,6372.5506632896795,-25762.773277458782,-40725.32284558724,-50020.70656583116
-6806.026508569905,52162.13042847734,14144.686468020083,-57414.2249727193,126789.73088690238,-33318.03395447429,-1760.7017406654827,-61352.5695546086,-17244.98166820028,-13423.837449801267
-744.0932033874055,30679.519301495016,-25449.577608084615,36485.5963536778,49454.61447914163,-12134.4041102544,-4437.567747694631,-42282.04743231447,-40518.732264453225,-67996.75653002528
7197.209633829205,40841.720744297396,20655.186353868,15756.74237849039,-5973.917113292724,-20394.077122745977,-41800.75181539706,-50650.710842022985,-25774.876553924296,-57154.89673498654
-46524.437910433255,25648.021767194463,45128.732615426154,-58667.86051550688,17563.834573400716,33926.08434872402,-1234.5513633960845,1398.1467157663571,-8735.881328193995,-42919.86391909246
-30253.258984764514,23282.730963705908,-57696.21274505239,-37090.710975422946,78390.60560617613,47981.01575352778,-5660.728156829226,46544.74919485408,-5818.275338604257,-14158.675651378291
-39208.762160811806,12523.979459710587,-1024.9754098429457,-18229.107378466288,38614.39109410218,-35852.19254182741,40697.32831371282,-29875.593010799636,-21019.288079056096,-22338.474980046136
-24470.031902681018,58067.35283493014,17007.932302286925,-11156.39642214044,-28371.238843392992,-2040.5976138968235,27381.437977061116,23518.256069025887,-54348.82499621616,-51084.55125099956
-39400.67489693808,-26033.141766828787,50576.94550187432,49547.30691898433,22273.312082671684,48129.27384540319,31632.822624019696,13761.632488440096,-58662.41686439876,-99962.31299254949
-34235.58305696655,-14327.72964386594,-3655.5883801743507,-14788.956118955528,36978.57032258321,7838.134691806283,48807.774319422904,-18589.2282595885,-28431.434037667692,-23949.376502697436
-35766.0724395967,-66568.46532225095,50921.87600223918,-51109.91379620563,10986.166918393033,-15808.604884743629,29079.372391267196,7184.034046514131,-50952.3203647249,-62705.07895448312
8154.308172945883,1953.806551279633,-9531.848059146798,-49901.53422638278,64746.53099285014,26990.009495567236,27850.16631383678,-51700.67895103452,-35686.821054311185,-56892.51391872528
4932.6424354186565,25499.08697945418,20188.13288603197,-42792.91430685254,-19173.066326108208,37949.96956962388,-89237.89503932057,-53350.38733990151,-54805.310231184165,-62481.970909256124
-33171.21810033051,-18117.37945289725,-22553.97417849951,-33511.23117866195,3479.3917529903347,20676.72849316186,2533.050888583686,-1979.5762031833963,-30945.736059623894,-42341.47077198795
-22484.31133553839,46274.13941900301,-72203.81441857626,-55606.65813004772,69911.86922514728,-33951.97863857468,30827.120535200873,-9230.428272611085,-223.94101872814645,-104681.85674822226
-28168.107708872132,-31505.595602023404,-124330.34366845943,-70748.4694371368,21993.64268204403,16289.436063353889,14036.725511372633,4274.9259038273385,-81755.24709824863,-51648.48294769845
-40601.90862938685,-50322.157698913434,9.775677804933366,-60376.550852072134,17776.93455144812,18871.433059069815,7956.382637164819,-11021.360747427489,23059.05858047567,-6300.099760194686
-68045.33972007368,40603.48351417739,37850.97446622559,-23443.977798243257,7947.1460481264085,34108.99083860926,-22131.933001462487,26620.618039468274,-45682.85679181237,-32766.164211834064
22104.350126466998,58245.01246311988,-29138.19350340801,17696.654952824996,17915.17752932833,10176.838499182162,-36162.190120663974,-56550.74954189457,19635.456062960173,-40584.79521086257
-45537.5070100806,-2456.4116380003143,-14377.539233814896,30888.606432059605,85655.93692654528,6154.091393715795,21650.147747940668,7602.469613135306,18302.287617915496,-61665.61253267133
-29145.26109514384,-13007.13036339475,-12986.061715511989,-5027.727841092709,-25211.33993725529,50354.10791465396,-27148.08248590844,-46985.60379288699,-22052.711203694886,-17269.676654593568
-30718.160528381028,42807.71550520407,28060.388217020794,-22101.37145892216,26301.826579012704,-1837.289130169726,50877.66841930277,-39606.40687855572,14648.465915954133,-3666.317798229873
-28615.42258183765,-26837.164669653306,14032.546718697846,-44018.089156552305,25225.492421486295,29272.728116141385,-64605.030790927485,-18436.72426375852,-18422.214129948003,-45187.783908118814
4391.986894957302,10724.597710626496,-629.2910877596805,-9661.529204401226,-4578.983600526173,-1178.9038029479198,-7197.142790980444,-16163.38239076692,-4538.629507410046,-11058.594730986119
-13436.640194864927,49757.42249869764,-6155.498656165102,-86409.80060297824,7072.021398533792,3140.18786329641,-31938.898036231585,68236.30822574164,10889.470773574678,1995.729890075132
-1453.8614136756246,42490.48738483205,-3575.6295411459614,-111786.62844493763,44457.44491006785,21474.546171754693,-83375.50112009834,-65056.89558576157,-52590.27939322157,1983.0861662991056
14202.546632523869,45157.31900198523,10686.61181801886,-2541.053862124486,35090.68011642543,-23204.512719760325,-19125.75264138653,34875.620717589205,-26694.758826941033,-7679.021076035608
-42191.01428610694,26945.166126189608,-42811.85984427728,-98495.92775893105,6743.021008321266,26481.289569340675,-45340.69840900093,9541.365685961086,-28955.934157267602,-2624.837890692552
-47833.6628547022,37023.11072227119,27481.097379783343,-86425.61549917678,124451.37904333031,21299.649094518558,28497.56127311223,-14316.989113826028,30966.783971385044,-36775.84419493326
-48601.16070971296,-234.96393605032927,-40273.04713067814,-69083.65321789254,-45032.76512042535,40667.41880120284,21903.202556209613,-43913.33980684252,-25542.93798373635,-44159.693418549796
2986.180309731195,40314.01242764088,-11454.919842862035,29289.422857350844,31709.219222769778,-34850.99615190009,-14993.551455658577,51680.271428992164,-23471.088942576647,-46367.879210645406
59052.80971696535,14297.570273285728,-50419.870543138764,32676.55928386456,-28744.74775078524,5938.8821465663095,-4774.2741121645995,21194.006954026143,-53995.40185865072,13408.688531294432
-5262.718228627516,18560.633407961002,-64987.78803349927,-70525.2329118324,50069.411864204994,-38927.29648312215,10499.641097011176,-36270.49764705295,-52530.49912784917,41355.04891101763
10019.384572571244,3154.804576919317,22413.879355282384,-5873.308604091268,45536.04431475773,58776.07266405204,-27442.278402714783,25099.764300799612,-103618.2264304719,-27924.4568409508
-48864.663075789766,5869.702002637094,31904.140737802834,-38821.057100112346,50733.73948463811,14761.463585357891,46616.438931430814,-91984.06099285853,11174.184286262389,-87625.02693555961
16966.93001216765,50546.60783244687,2441.4616280931714,-68737.54572193802,52684.88459906565,-4818.650571930283,-321.67055831997277,-27424.806068760066,2526.222654897707,-72411.22500418723
-13452.474235293364,63079.47016944883,735.551168744154,-47176.570527201366,15597.809302598978,-57849.830498582196,-33390.75585887939,-11791.4137169445,10004.352564254175,-1672.283825418177
-3063.973723769216,51543.607238869256,-34810.96710724951,23371.78703901987,18414.10642771395,61350.25694945334,45260.75623416232,-34232.55245594239,72356.14950503688,-106413.67999520418
-92939.72266526245,30298.211031687602,8577.543859317822,21571.421212627865,53661.11103655632,29869.097274029016,-14022.420625604085,-18067.207733116946,-43839.18394257908,-631.7322238073684
-37156.3027174,38843.511425224926,28658.285781055554,-33645.545549135015,18799.283907588688,-3484.6306057163542,30831.65760810117,55709.86445758743,-2038.3188628090902,-12579.468000048724
38363.361742669134,28422.83027302698,20038.911441824384,-110533.67870408247,67569.1833898771,67541.53623694697,23492.19667458863,-45696.67459717067,-66811.94528952305,-100102.77444320383
10120.936104081344,3023.6558555736565,-60607.50391633285,-43761.19141159234,31647.899541883828,67267.30531482935,3103.59693937055,-7262.914727697749,-9775.888420350551,-50299.29016453463
-20609.81744391652,-36713.62275195011,-50725.20306986179,-18516.643754752444,26489.2632423653,-42300.08005623871,-20969.630303166843,-69044.23910001565,-13141.093519953803,-19643.486113048977
3726.423454261015,97617.5620294463,-33535.881717718985,-72813.07087640153,95511.35238612401,-25657.795514331334,-7116.619128751881,-20460.54833758249,28290.588349807975,-9232.531019338712
21301.340987374064,41224.84874191703,-51444.369316226606,-84172.73900090702,62419.471662745986,18961.10425473661,22091.519358579222,7324.774781800801,-46633.91514588265,-91785.73862284751
-30391.969264164152,16377.156566560625,-28091.49874566067,-15990.154914372793,-6124.280197453809,55112.22007806015,627.8284074719386,12441.589894216726,-15897.664549618956,-83985.719658346
5377.6850556846875,-41487.317205670435,-23009.425097034837,-80680.23388686331,67242.97898343822,6239.639594483073,-39715.20459883495,17423.849794053418,-71186.23253921921,-18644.066680671942
-18231.059341432825,-20299.70108077525,12350.666837374474,-24475.11114483553,30531.39851205827,81256.786383646,29650.94479844361,14400.070391498604,-58163.484608461156,-38594.689568356625
8253.668336173982,424.7659841591176,-32091.72839755603,26915.750146173556,75289.32190055544,43182.62141798716,-83027.83927891546,79984.30048474956,-20565.669114312834,963.893470936528
-34742.1167546132,-11741.617117572108,-25698.247456772377,-7460.853395801711,90055.63973680482,-21329.39255931959,-44.30558095431297,7516.159888001254,-38032.789698613116,6729.34584095149
-200.32386597930054,-27669.24497977487,24775.64907996291,-27500.17735514523,-56085.12721517762,7679.7333603710795,-31148.38095911776,28287.11744015646,-19243.228849681494,-103193.38786968355
78133.73077552016,-16495.505229713348,33194.36278591786,-65842.88064947327,-3223.90474851814,-30954.027660964824,23290.714629941474,28000.3589494387,-119948.52071174516,-31788.428525119034
226.8172189439856,46947.0758677948,13520.336312394795,33084.72608449229,34953.648742335194,47230.92598927184,-8005.476919431088,21838.716201942352,-62167.64896977091,-32118.22252315854
-102645.04307827234,-20083.81148093872,5478.918508209375,-1954.3418996918122,57505.520016286224,22672.874547779742,21492.20983688534,-30902.761109737272,-5106.1514004724195,-96909.02966339301
1927.062193570546,26425.60528627032,15632.726911559988,-15030.821268477419,11578.211481747829,75055.69294068098,61049.97323739064,-32387.71314242781,-70782.92060796914,-51454.45030258145
5516.630343828877,20475.15435726416,-4709.1773152302985,-38588.02865221837,56787.86637122087,74475.92972630195,6701.7314244908575,3485.2841349645814,54435.372734238365,-60949.43776513437
33819.968381360384,22202.213163244276,-27713.72738747997,-95128.54978302371,-9703.798419459607,-33433.44371196166,-31664.49994678702,-17939.576887028285,-2443.6623914230204,-68157.84074094341
34541.16979438896,17335.660452058903,-15124.719770682575,-47793.19794090105,22597.64659615358,-19783.45007627711,36915.18269032758,-73120.01198060572,-10626.088175682007,-63319.156222849604
26155.938752054462,45790.09075443538,-23926.626646360546,-10948.758704605414,80677.29003654607,-46601.27733403095,23803.273536575474,-24997.990269462076,-13752.01490495502,-63793.2536543917
-38477.85590464654,107969.12097861803,-60302.90997408236,7489.134993228548,26955.757964964305,-91526.83992301652,37019.900179295975,2425.872225165079,-64214.97844984646,-59809.31506210765
-51508.276891102425,22263.56973216188,-5551.21389785284,-40595.548805151535,-16275.263789989753,33370.03089993368,11661.320157776092,-116661.23673350454,-24379.583789972894,-53873.393081584305
7852.729733072694,-18252.768800213533,77273.09825552038,-107399.7371790714,41658.54302214772,5494.931660490765,-27881.50521812342,69192.76748107452,-55403.37296643218,-22928.97753538654
34243.341865578375,33821.460955457755,-22127.490593309944,-22644.448567782736,103506.69997958008,-3145.919299216989,-2389.041647419432,63499.91535889561,-81760.96869283127,3022.941195860478
-18911.384441565624,-23749.890164284374,-55390.64159221964,-36637.66024848637,9878.54337121641,36673.3479055871,-13959.316583642374,24870.141531887515,-32062.575708502205,-41969.07125871138
-72402.56555021244,16920.336937555567,60119.10186734484,-28773.888411363092,23344.965944927626,39336.62094410772,-73984.54835196621,-31781.976275232984,-17816.015881298037,-33404.43395404049
-53781.24712324797,19428.33879922925,-31551.243061625573,-1963.7140855913758,77490.56965531166,63612.12727863812,-45224.353468686255,-23873.132748976666,10004.564280916493,-1373.4892855983599
-32955.9335328802,-14799.32766254705,-47883.610669986054,-60901.890362785045,221.25137632971928,14238.829344574384,3623.2341998502493,54181.961163941756,-67574.68943348658,-85540.03500864311
-14919.047612198663,-53949.45282333832,-3331.7891411635464,-13462.538426544605,51265.79674657909,-27967.357587009297,-15891.490358231002,5635.970449207116,-7064.296370215547,-7323.032021364077
14926.591698939721,73848.69823280792,-50323.45295239244,-71199.9473420131,33744.34762998193,53582.00668825379,26130.392522803308,-18662.816142964897,-15771.767024371517,49994.662797253244
-34784.75426319172,57431.43355147848,-26490.058162184807,-16311.6655543077,36960.31080770267,27508.054186290763,-21098.863333409037,11011.460902019866,-50009.4607803657,-20537.792404007654
-53714.82112985861,18951.981544687147,-24518.45168989043,-50110.10520973333,1429.7544702533678,72753.27188075773,-55780.935683346295,-44956.42106079458,-44980.88080227108,-18824.263962863468
-20796.200139841167,-1604.4291898893262,6557.406310437396,-42870.113731668316,18447.586143707253,53028.149955856454,-16600.968087098114,-28324.700176452945,-82040.73975431715,-28422.10013431762
49392.65630375682,58664.215140941546,-23199.992641432455,-19211.684450816294,-9523.503708745277,96352.24220854227,52569.23975253683,24810.490530351875,-28144.05875999765,21561.467827487635
-45899.12612455784,46388.37237732551,-49193.289135137624,-27603.912767195387,75252.36171897268,8851.647597232652,1718.1850370886996,50665.08121089291,-85146.91898457805,-6971.077007361562
-1962.1644512885505,46779.90152373731,-30137.353809256238,-38672.68215478768,-2187.1422279432727,39391.42341722565,17214.755370653893,61130.24337934221,-19441.870975450798,-105115.69993455919
10214.03964255884,91324.25496824324,-83121.56456819038,-28532.859117105232,23415.162201987154,-5916.042458833623,43636.44966679058,-17149.887635669766,-83334.48257417305,-35988.973906332394
-72566.57131164658,65820.2281554272,-21083.79423169519,-53218.3899485293,3199.207459467827,743.2737539765112,17635.631187321254,9989.608736227501,-63010.69939458086,-52503.42800314571
-51138.25740997318,-2047.9068414216426,-60522.4814057275,-43516.792670445655,4423.399412514653,59685.84023117437,35801.72212937035,46382.15581134503,-91814.4382450225,-7732.468927037222
11611.582861668065,-22672.51880767614,-9568.017665135168,57659.681410976795,33371.76535410143,33243.33124689203,-48244.10278084479,-74346.78046055035,-19766.96511074066,-9469.627572782
-2532.534472063353,49301.955946788315,-12095.00169827212,24962.524409161182,-920.1874848059031,-16481.577693137464,2256.194387147822,11366.57226345782,-25075.518069819616,-70538.50614140331
-26473.091313995563,33006.34240972524,-40439.48672875324,-49473.61647458412,38203.94375153621,40313.842964200725,-16194.961788368415,5845.025533715081,-19942.657940690908,-18098.35126932377
-42804.29193501914,65070.47159525487,-59223.9134614675,-20477.1849938316,10258.354640005455,22815.966651270905,32877.334048943434,-13229.824115768475,-78147.71076281344,492.4453942745954
-7561.350460459764,76048.98257339133,-22871.79710163575,-30353.453515404715,60128.41261998016,-3471.4832205985495,-208.34807397763325,-14140.578820258535,48032.86998791208,3296.626878941839
-21982.73613016118,-38348.6220080181,-11315.130767175237,-67720.57798229647,45287.47977179987,-4626.79071474438,-12782.767666789237,11243.673450162003,-29608.27391087701,-62997.66179930843
-67978.05611347932,47238.195939030586,-67440.90290881411,-35435.4851563844,27280.726897136326,-26170.20068852443,-9741.642608870237,-6063.343542706663,-10297.018065354674,47388.28765246745
54605.46369258601,7205.892672931623,-39992.490137653425,-45828.5028972141,6568.5831382736305,-6427.412555837342,-2017.1294939727122,-25435.08483796207,25476.581622108744,-68040.5967091053
-43087.648219978735,47696.054072248706,-51029.93518783253,-40578.01361746072,51428.098036587355,13561.363022792191,-3484.7321771981724,7916.632608765733,3587.7709579497932,17288.896239586622
53784.609313759385,-38110.337024564986,-25477.847317411364,-78240.14449883581,14395.033888739183,30640.143324562036,-10861.423907378452,3534.036730793012,-71767.1930021428,-43005.104925485255
-61915.25989329048,22203.829263483032,20087.434106037603,38585.71534645857,49795.6043140124,-11672.50833781097,41067.062553528565,-29869.811731325102,-22874.009200529774,30752.522452968744
-1330.6432478598072,-8569.081214983427,-30834.37309632297,-73049.40852419127,111311.54259496988,41209.10048402036,-23550.539512905645,-35588.16785916922,-5901.972844396436,-81721.68478465034
-32040.01267263338,58172.30656588704,-8290.751064196495,-22420.257904776725,-4648.473889167087,60602.82286718628,4006.1886748346296,-11209.47817900113,29641.688741046186,-32264.349045195595
-40278.848632928944,37088.248595773024,-92933.30235572493,-38421.26915132502,63983.50335637717,12296.025730761552,-26060.560764063306,20217.225524498557,-26196.82025287027,-31935.912653150695
-20117.784623744108,27575.841997147727,-4662.835725111568,-4255.67028260872,36928.413218090376,49450.178237335735,9795.490142892313,-17180.13162516413,14741.857931272138,-17786.27069419065
33036.861578297445,21180.401419706992,30632.46225080925,33976.300661402405,18246.03917092676,27644.773807800106,62752.306859974175,24927.109722072953,-64882.6156968832,-87728.43726461979
66178.15055425017,51927.60222023543,73794.1381340009,-16802.410865165883,14240.149950908082,-3295.867292479271,11335.264731169018,-24941.53535521761,-70106.53823509901,7336.19108909354
-36037.67907405927,21992.67095830488,-37866.76941143947,44892.814648972424,27438.4309679004,13163.17253188934,-10184.720177646273,23701.13877017842,-14218.953292215434,-41582.287766664966
-21491.40157799436,61906.06744877457,19947.74396273114,47923.86655891459,19582.544576925695,-4418.76985376423,-49512.96240329561,-33239.71894319387,-52851.42538506306,-68349.10940391387
9895.973215036716,3031.3072088482513,3930.94634255535,-62463.05292885249,55796.74712967415,88420.72989108256,716.9417181234348,-39993.22435608555,46306.80858851173,-5256.524352326858
23331.354099870594,-6866.636975708304,10509.83647618114,-3446.149582985089,-6343.737700758129,33912.05938921664,-22907.693429466657,-22137.708573464675,-13866.229578748877,-36480.610486797545
-52558.438061131645,-48039.57158500353,-7978.120917475659,-71408.71022469926,-29209.054477836486,47408.11037495594,-14259.099634692375,-42476.63137574052,15392.82237476664,-58610.169886954965
63259.142920317536,-41.477636881698345,-24551.485888659692,-32286.71534047556,39856.18460638997,-10128.382281538345,18538.678509465266,7912.061752082536,-32955.67660995528,-48674.5666652498
-13777.25267145102,-6130.134681088849,-19904.99453745476,-99251.4815087287,20100.373138954703,-19539.076141189616,35985.82492475255,-322.97432256683555,-35581.8010311345,-28548.982637364174
-73135.17533952295,1937.103554207154,-22631.703694849904,-62857.3304177244,25923.09529576859,80989.91739018056,-22077.578546318437,-52193.93704597697,-67909.0248617028,-42405.56046883565
51928.72568307449,-10377.761169120342,30125.93960260262,-63380.592366559315,2993.3243459776186,85093.89087033202,1606.9656849894454,4546.525537048916,-16250.434867732009,-22299.895278061776
-60475.08413339211,-5258.246904257894,-27848.966574557962,-88964.455298148,68235.3493054383,-61095.72012124536,-60274.511940818134,26390.996691042033,-71132.72295762644,40831.135615007806
-30008.709046794647,55693.5074045404,-31509.130186907725,-17406.99570991901,42592.555245828444,10739.027416413388,-21719.77588163433,68684.17565780977,-12496.745955937798,2119.8957710528875
-10076.364795945155,35570.253762526,-2261.6880242009142,431.575921870849,17856.983225093827,-8255.587020166777,-27133.684269758,1661.7922003153863,-14689.348560895623,-1269.767100770794
14968.795918134132,42426.705114456956,-23493.436963935426,27091.381569038436,-4623.447732284451,72885.01878168952,-29064.923637030384,20530.85823533115,-1216.7958940418976,-2137.8061165438085
-36535.69327370047,28531.80566652297,-3747.1162844792925,-33456.40191307837,-40027.561817075926,62551.08033533287,-13927.140719247682,12806.737463495301,-11256.23850440522,-24630.752830906753
-26790.495759881815,80002.72979971055,-30759.335514813607,494.48225333480514,5418.855730462114,54158.521326035414,-12152.247543738951,41606.019614077515,-45209.91891433734,-16685.92244521191
-69949.43115175745,-11836.867213286227,5993.167997976002,-121788.85225355954,21492.66986913888,34740.65647804187,43531.114058093335,21856.748488703335,-40689.49788189079,-591.0507281793643
-15076.692830390764,-1309.8405433733205,-755.7972679134264,46053.084182969906,40733.80440080034,19454.869406112208,9796.820807744529,17918.74196086113,39558.82525707831,-47710.26388932857
-367.7619078098786,9367.17635772003,-47201.55582107767,-61263.101315679414,46560.856475191256,-24171.59437134736,-8386.772351537897,31369.69448452705,-18634.28902238485,-14617.300101180943
76347.80384538873,-13465.754773032451,-53561.904178064855,-37443.58500131589,64879.716320281674,57954.632770618926,37283.6880080612,-80033.29624296167,15018.409546806262,-107364.27735752297
-10167.005917660706,76933.81005868668,-59512.07264343204,-63107.922744333526,127.95500124522005,-25924.372048136684,50865.27363149782,-53804.97867210017,283.2507615325012,-67022.1746646791
-8585.82050427203,47439.757952812004,-26864.670356850205,-19019.64764923214,-15654.227694534338,88511.17118420731,-7671.881764205566,-13295.459241055634,-32713.183898282277,-56963.12444583152
252.54704528986122,17867.25836086898,-16606.80207045642,-3.8922563801279466,23635.136003716718,57785.473991156745,-13346.294884837152,18413.19095700336,-62743.55870484547,9797.251234463416
-51663.81349429469,38599.31722626273,-78315.08991009339,-106055.2724239854,48848.08684270675,-12678.071841416211,-17055.996620136073,-37909.43187315487,-32067.120174728218,-80734.91616562291
75173.92348914646,60011.41396087902,7825.976082051393,-41630.58159252852,40168.4767693977,41090.41293969646,-49973.19589252776,-28884.59858907632,-47425.20388769822,-46078.932039660394
-10916.757108514741,53600.964693284055,-59565.44187932057,-10588.795738303468,51830.87307761581,-29291.479258777865,-34245.572173598615,-58830.68613315458,8527.347513753059,-53489.58395991589
-40246.776938600175,-19020.46767361594,16835.551249198463,-58274.94225718974,53690.488238315666,5907.110700804502,6668.536216546288,-36206.257475538,-64474.541528495334,-19867.55054546769
3452.2102815471544,100283.44917788768,12443.994485888215,-2493.216610774425,39638.98760236916,5413.906098596094,2522.0273556429556,-11956.34261827491,36262.918446292235,-50315.0486260791
-27843.033215867144,32379.47693241033,43330.17223952078,-38703.223857068784,-24718.010511783126,22419.57527731266,36208.81525440506,1490.7676487754702,53123.57427868459,-55841.73111301566
-15412.07023840388,76222.32083825098,2333.1287737785515,-44657.96854035705,20280.01154121769,-5589.711831807555,-15452.090909851086,-27221.739506924147,-49043.081185466566,-42426.82799705082
49114.12987246789,79929.28272188279,-45903.947308837734,-36431.44527876759,90959.91882403265,4572.688892074096,76193.87588783981,-25086.542896050785,-20064.96199054654,-68313.89446249399
-16726.859055170014,22582.52219431069,-50985.41966269525,-10455.701958740821,-43185.295088438754,33804.64085854331,2965.065611844816,-29154.242604254123,38675.44169019756,-26795.195590518764
-20882.55457783125,15467.672316038264,-3636.088201741838,-24397.819257847295,20552.20497525704,24228.2121422458,410.7206247166523,1013.9532043852059,-54576.48730872011,-10339.51127723472
-12751.893007919998,51363.269142772864,-16588.82573730833,-12702.04822444167,19491.691255235404,-32247.172810124488,-209.77494034725623,3071.9669468859734,-87571.39934142283,-57077.19277836324
29691.236741753633,38999.73365639265,-23066.146701906666,-18455.810096138637,50329.60904364375,91561.13731377065,-17469.69461993503,10384.159417276342,-20749.103320355774,-32079.88038840216
2935.3101590211236,-23362.89476713474,-8864.45400870515,4859.157751737186,-3276.8927835800323,-19097.387893568834,-22589.474413108033,-15282.971061691587,-73959.59639160328,-89674.50019278396
-35410.74398489348,-22637.055828080724,16582.392268024294,-36674.75320742918,52764.1662314979,-20449.57117815395,-32246.41082894564,-51299.2196275755,-12954.570903111076,39029.65161891538
-12744.156485790587,9543.839739176246,60352.84534679609,-6139.068377659506,60887.61230562372,10883.087952353664,-34438.2265143523,1253.0775377187647,-43368.14495502145,-67.78429745196286
-25170.138723154076,15565.354730756828,-2752.5084976127346,-34858.325481684216,-7515.813641614546,-16226.366665287951,-67224.71828040015,9317.544466349882,-40171.517148845815,28626.04773069037
-38078.04861392844,-1078.5661843343478,28750.184261899078,-74628.93722486448,-42.23916010968151,-20775.61591082831,-24987.50221180718,10524.625634680677,-23444.64542784846,-25182.515070717345
